이름,빈도수
격차,70380
끝내,48364
올인원,48353
개발,18976
데이터,16078
배우,14606
프로젝트,12574
실무,11927
러닝,10369
분석,10352
아카데미,10167
디자인,9620
일러스트,8908
활용,8365
완성,7631
프론트엔드,6819
편집,6805
영상,5926
캐릭터,5837
만드,5829
완전,5812
마스터,5763
정복,5701
구축,5684
필수,5525
파이썬,5332
엔드,4962
서비스,4865
네오,4815
마케팅,4604
금융,4603
처리,4440
컴퓨터,4356
구현,3873
인공지능,3805
캐주얼,3777
엑셀,3731
스킬,3730
부동산,3668
머신,3556
코딩,3411
제작,3370
개발자,3258
투자,3233
오상,3207
기반,3136
스프링,3122
그래픽,3114
모션,3069
작가,2955
기초,2947
심화,2892
모음,2890
업무,2883
초보,2793
드로잉,2788
실전,2773
모델,2772
비전,2766
시작,2746
이펙트,2731
디지털,2729
운영,2704
공학,2614
여자,2569
마스터클래스,2569
세계,2547
단기,2543
비즈니스,2485
구글,2470
정석,2466
유치원,2454
그리,2439
입문,2351
게임,2329
테스트,2282
기술,2243
합격,2224
글쓰기,2166
클래스,2087
아이패드,2054
가장,2053
나만,2053
가지,2043
자동,1986
프리미어,1977
밀착,1941
확장,1932
만들,1897
수강,1872
기획,1859
인프라,1847
김영하,1835
남궁,1811
직장인,1779
컨테이너,1766
끝장내,1765
시그,1747
세상,1718
대용량,1710
